Drug,Union of All Targets,Count of Union,Databases,Database Count,New_DrugBank Targets,New_DrugBank Count,ChEMBL Targets,ChEMBL Count,PubChem Targets,PubChem Count,STITCH Targets,STITCH Count,TTD Targets,TTD Count,Pocket_Features Targets,Pocket_Features Count
trimethoprim,"['CD1C', 'CYP2C9', 'CYP2C19', 'PROCR', 'DHRS4', 'ABCB1', 'CYP1A2', 'CYP3A4', 'NME2', 'THRB', 'ALDH7A1', 'ATAT1', 'SLC47A2', 'CBX1', 'FABP7', 'TYMS', 'UXS1', 'THEM4', 'CD74', 'CYP2C8', 'G6PD', 'DHFR', 'ALDH2', 'CCNC', 'MMACHC', 'KAT5', 'JAK2', 'MPO', 'EGFR', 'GSTM1', 'CYP2D6', 'TLR1', 'HLA-DOB', 'GIF', 'PGA4', 'EP300', 'NAA50', 'ACOT12', 'HSD17B4', 'HSD11B1', 'TCN2', 'STEAP3', 'CD1A', 'SLC22A1', 'ACHE', 'KAT2A', 'CD1D', 'PANK3', 'SLC22A3', 'PCTP', 'SPHK1', 'SLC47A1', 'COL4A3BP', 'Dhfr', 'folA', 'MUT', 'IL6', 'GSR', 'CD1B', 'PCNA', 'BPI', 'NMNAT3']",62,"New_DrugBank, ChEMBL, PubChem, STITCH, TTD, Pocket_Features",6,"['CYP2C9', 'CYP2C8', 'ABCB1', 'CYP1A2', 'CYP3A4']",5,['folA'],1,"['SLC22A1', 'DHFR', 'CYP2C8', 'ACHE', 'G6PD', 'folA', 'SLC47A1', 'MPO', 'SLC47A2', 'CD74', 'ABCB1', 'GSTM1', 'CYP2D6', 'HLA-DOB', 'CYP1A2', 'IL6', 'CYP3A4', 'CBX1', 'SLC22A3', 'CYP2C9', 'Dhfr', 'CYP2C19']",22,"['TYMS', 'DHFR']",2,['DHFR'],1,"['BPI', 'FABP7', 'DHFR', 'PCTP', 'PROCR', 'NMNAT3', 'ALDH2', 'CD1A', 'PGA4', 'HSD11B1', 'KAT2A', 'HSD17B4', 'UXS1', 'TCN2', 'COL4A3BP', 'ALDH7A1', 'NAA50', 'KAT5', 'GIF', 'STEAP3', 'MUT', 'TLR1', 'ACOT12', 'NME2', 'EP300', 'GSR', 'THRB', 'CD1D', 'EGFR', 'PANK3', 'DHRS4', 'CD1C', 'MMACHC', 'CD1B', 'CYP2D6', 'JAK2', 'PCNA', 'SPHK1', 'CD1D', 'CCNC', 'THEM4', 'ATAT1']",42
donepezil,"['CD1C', 'CYP2C9', 'CYP3A5', 'CES1', 'ACADSB', 'NQO1', 'CYP3A4', 'CTBP1', 'NME2', 'THRB', 'SIGMAR1', 'ACADM', 'NFKB1', 'SIRT6', 'IGHV3-23', 'AChE', 'NCOA1', 'GRIN1', 'TAF10', 'NF1', 'CARM1', 'CHAT', 'NOS1', 'GRIN2C', 'IL1B', 'HTR2A', 'GRIN3A', 'ALDH2', 'GRIN3B', 'SULT2A1', 'EPHX2', 'RND1', 'ABCG2', 'AKR1C3', 'CYP2D6', 'HRH3', 'GRIN2A', 'TLR1', 'BCHE', 'GIF', 'FKBP5', 'RAMP1', 'GRIN2D', 'HIST1H3H', 'TNFAIP6', 'TCN2', 'CD1D', 'ACHE', 'PANK3', 'UGDH', 'CHRNA7', 'NFKB2', 'GSR', 'LSS', 'PCNA', 'DPP4', 'NNMT', 'MGAM', 'BDNF', 'Maob', 'GRIN2B', 'LTA4H', 'ECE2', 'CHKA', 'NMNAT3', 'BHMT']",66,"New_DrugBank, ChEMBL, PubChem, STITCH, TTD, Pocket_Features",6,"['ABCG2', 'IL1B', 'CYP2C9', 'CYP2D6', 'ACHE', 'TNFAIP6', 'HTR2A', 'CYP3A4', 'BCHE', 'NOS1']",10,['ACHE'],1,"['TNFAIP6', 'NFKB2', 'NOS1', 'ACHE', 'GRIN3A', 'IL1B', 'HTR2A', 'CHRNA7', 'HRH3', 'CYP3A5', 'NFKB1', 'GRIN2D', 'GRIN2C', 'ABCG2', 'BCHE', 'CYP2D6', 'GRIN3B', 'BDNF', 'SIGMAR1', 'CHAT', 'GRIN2A', 'GRIN1', 'Maob', 'CYP3A4', 'GRIN2B', 'CYP2C9']",26,"['ACHE', 'BCHE']",2,['AChE'],1,"['NQO1', 'ACADM', 'SULT2A1', 'BHMT', 'CTBP1', 'NMNAT3', 'ALDH2', 'AKR1C3', 'LSS', 'TCN2', 'CES1', 'NNMT', 'ACADSB', 'GIF', 'ECE2', 'UGDH', 'RND1', 'TLR1', 'NME2', 'GSR', 'THRB', 'CD1D', 'EPHX2', 'SIRT6', 'GIF', 'TAF10', 'PANK3', 'RAMP1', 'CD1C', 'NF1', 'SIRT6', 'MGAM', 'LTA4H', 'IGHV3-23', 'PCNA', 'DPP4', 'CHKA', 'FKBP5', 'CD1D', 'HIST1H3H', 'NCOA1', 'NCOA1', 'CARM1']",43
diphenhydramine,"['CYP2C9', 'CYP2C19', 'BPI', 'PROCR', 'OPRL1', 'CYP1A2', 'HRH2', 'CYP3A4', 'NME2', 'THRB', 'ATG5', 'CHRM3', 'GNAI1', 'NCOA1', 'SIRT6', 'HNMT', 'SIRT1', 'NF1', 'GLTP', 'IL1B', 'HRH4', 'PANK1', 'SLC7A11', 'EREG', 'F3', 'EPHX2', 'HTR1B', 'SLPI', 'SLC22A2', 'MAPK8', 'CYP2D6', 'HRH3', 'TLR1', 'CHRM1', 'BCHE', 'IL24', 'CHRM4', 'HRH1', 'TPMT', 'GIF', 'NCOA2', 'BCL2L1', 'BRD2', 'PNMT', 'CXCL8', 'FKBP1A', 'CD1D', 'FASN', 'CD1A', 'SLC22A1', 'PANK3', 'NR1I3', 'CYP7A1', 'INMT', 'MED1', 'PTGS2', 'SLC22A3', 'PLA2G4A', 'H1R', 'COL4A3BP', 'HTATIP2', 'RRP8', 'GSR', 'IL6', 'KCNH2', 'CHKA', 'NNMT', 'PCNA', 'CHRM2', 'BMP6', 'GNAI2', 'SLC22A5', 'PTGS1']",73,"New_DrugBank, ChEMBL, PubChem, STITCH, TTD, Pocket_Features",6,"['CYP2C9', 'CYP2D6', 'PTGS1', 'SLC22A5', 'HRH1', 'CHRM2', 'CYP2C19']",7,['HRH1'],1,"['KCNH2', 'SLC22A1', 'HRH1', 'HNMT', 'F3', 'BMP6', 'SLPI', 'CHRM3', 'IL1B', 'CHRM1', 'CXCL8', 'HRH3', 'HRH2', 'GNAI2', 'CYP2C19', 'HRH4', 'MAPK8', 'EREG', 'IL24', 'SLC22A5', 'SLC7A11', 'BCHE', 'CYP2D6', 'CHRM2', 'CYP1A2', 'SLC22A2', 'ATG5', 'PTGS2', 'GNAI1', 'NR1I3', 'CHRM4', 'PLA2G4A', 'CYP3A4', 'SLC22A3', 'CYP2C9', 'PTGS1', 'IL6']",37,"['HRH1', 'CHRM1', 'CHRM4', 'HNMT']",4,"['HNMT', 'H1R']",2,"['FKBP1A', 'BPI', 'HNMT', 'PROCR', 'NCOA1', 'CD1A', 'INMT', 'HTATIP2', 'TPMT', 'COL4A3BP', 'NNMT', 'GIF', 'TLR1', 'RRP8', 'NME2', 'GSR', 'CHKA', 'THRB', 'CD1D', 'EPHX2', 'NCOA1', 'SIRT6', 'PNMT', 'PANK3', 'NCOA2', 'NCOA1', 'NCOA1', 'NF1', 'NF1', 'GLTP', 'PANK1', 'BCL2L1', 'FASN', 'CYP7A1', 'PCNA', 'MED1', 'BRD2', 'CHKA', 'OPRL1', 'CD1D', 'SIRT1', 'HTR1B']",42
triamterene,"['RTN4IP1', 'PROCR', 'DHRS4', 'CYP1A2', 'HSD17B1', 'HIF1A', 'THRB', 'NME2', 'NFE2L2', 'UXS1', 'SCNN1A', 'GFER', 'AKR1B10', 'THEM4', 'ENaC', 'SCNN1G', 'SERPINE1', 'SCNN1D', 'PPARD', 'Abcb1a', 'GLTP', 'TSTA3', 'PTGR2', 'SCNN1B', 'GPD1L', 'ADRB2', 'CRYM', 'MMACHC', 'LMCD1', 'RND1', 'JAK2', 'HSPB1', 'GALE', 'HPGD', 'HSD17B8', 'ABCG2', 'EGFR', 'PTGR1', 'CDK4', 'CBR3', 'IDH1', 'HSD17B10', 'RAB11FIP2', 'HSD17B4', 'CRYZ', 'AR', 'CSNK1A1', 'HSD11B1', 'AKR1C4', 'CD1D', 'KAT2A', 'TP53', 'HSDL2', 'GAA', 'CBR1', 'SPR', 'MUT', 'DHRS11', 'HTATIP2', 'TPTEP2-CSNK1E', 'DCXR', 'ESR1', 'SYTL2', 'PCNA', 'BCAT1', 'RNASEL', 'ACE', 'CSNK1D', 'TH']",69,"New_DrugBank, ChEMBL, PubChem, STITCH, TTD, Pocket_Features",6,"['SCNN1B', 'SCNN1D', 'SCNN1G', 'CYP1A2', 'SCNN1A']",5,"['SCNN1A', 'SCNN1G', 'SCNN1B']",3,"['SERPINE1', 'TH', 'NFE2L2', 'EGFR', 'HIF1A', 'TPTEP2-CSNK1E', 'ESR1', 'LMCD1', 'ABCG2', 'JAK2', 'GAA', 'CDK4', 'IDH1', 'SCNN1D', 'SCNN1A', 'CYP1A2', 'BCAT1', 'THRB', 'PPARD', 'ACE', 'HSD17B10', 'HSPB1', 'CSNK1D', 'SCNN1B', 'AR', 'SCNN1G', 'TP53', 'RND1', 'Abcb1a', 'CSNK1A1']",30,['SCNN1A'],1,['ENaC'],1,"['HSD17B1', 'GALE', 'PROCR', 'DCXR', 'CBR1', 'DHRS11', 'HSD11B1', 'CRYZ', 'KAT2A', 'SPR', 'HSD17B4', 'AKR1B10', 'UXS1', 'HTATIP2', 'AKR1C4', 'HPGD', 'CBR3', 'CRYM', 'HSD17B10', 'HSD17B8', 'GPD1L', 'RTN4IP1', 'MUT', 'PTGR1', 'PTGR2', 'NME2', 'SYTL2', 'THRB', 'CD1D', 'HSDL2', 'DHRS4', 'GLTP', 'MMACHC', 'ADRB2', 'MMACHC', 'RAB11FIP2', 'GFER', 'PCNA', 'TSTA3', 'CD1D', 'RNASEL', 'THEM4']",42
pemetrexed,"['IL32', 'NMRAL1', 'ERCC1', 'NQO1', 'THRB', 'GGH', 'ALK', 'AKR1B10', 'FOLR3', 'ALB', 'Candi TMP1', 'XDH', 'PTGR1', 'GART', 'GIF', 'TP53', 'IL33', 'ABCC2', 'SLC29A1', 'CYP2C9', 'MAP2K6', 'CYP2E1', 'ABCC5', 'UXS1', 'PITPNA', 'CYP1B1', 'DCK', 'IL7R', 'SLC22A11', 'NAA50', 'MED1', 'HSDL2', 'FAS', 'DDIT3', 'IL1RL1', 'SPR', 'MUT', 'IL11', 'CYP2B6', 'TNFRSF10B', 'BID', 'thyA', 'RUVBL1', 'SLC46A1', 'MDH2', 'NME2', 'TNFRSF9', 'IFI30', 'CYCS', 'CCND1', 'TYMS', 'DHFR', 'HPGD', 'BCL2', 'CXCL8', 'CD1D', 'ABCC11', 'TRAF1', 'SLC22A6', 'IL1A', 'DHRS11', 'NRAS', 'C3', 'PCNA', 'TNFAIP3', 'PARP14', 'CFLAR', 'IL13RA2', 'ADORA2A', 'TYMP', 'ALDH7A1', 'SIRT6', 'RBM17', 'MTHFD2', 'CYP11A1', 'SLC19A1', 'KRAS', 'SMO', 'BBC3', 'ALDH2', 'KCNAB2', 'AKR1B1', 'CCL2', 'KLRC1', 'PTEN', 'ABCG2', 'EGFR', 'CDC21', 'CYP46A1', 'MTHFR', 'TCN2', 'SLC22A8', 'NPM1', 'ATIC', 'CDKN1A', 'FPGS', 'GRHPR']",97,"New_DrugBank, ChEMBL, PubChem, STITCH, TTD, Pocket_Features",6,"['ALB', 'ABCG2', 'ABCC5', 'SLC22A8', 'DHFR', 'TYMS', 'SLC29A1', 'DCK', 'GART', 'SLC22A6', 'SLC22A11', 'ATIC']",12,"['GART', 'TYMS', 'DHFR', 'thyA']",4,"['ABCC11', 'KRAS', 'ABCC2', 'DHFR', 'IL13RA2', 'IL33', 'C3', 'TYMP', 'MAP2K6', 'DDIT3', 'GGH', 'FPGS', 'ALK', 'IL11', 'TNFRSF9', 'NPM1', 'TNFRSF10B', 'EGFR', 'FAS', 'CXCL8', 'CDC21', 'CCL2', 'FOLR3', 'RBM17', 'CCND1', 'TYMS', 'BID', 'ATIC', 'CFLAR', 'IL1A', 'MTHFD2', 'SLC46A1', 'PTEN', 'MTHFR', 'IL7R', 'IL1RL1', 'BCL2', 'BBC3', 'ERCC1', 'SLC19A1', 'ABCC5', 'TRAF1', 'NRAS', 'TNFAIP3', 'IFI30', 'TP53', 'KLRC1', 'GART', 'CDKN1A', 'IL32']",50,"['TYMS', 'DHFR']",2,['Candi TMP1'],1,"['NQO1', 'ALDH2', 'CYP2C9', 'AKR1B1', 'PITPNA', 'DHRS11', 'SPR', 'KCNAB2', 'AKR1B10', 'UXS1', 'TCN2', 'MDH2', 'XDH', 'GRHPR', 'HPGD', 'ALDH7A1', 'NAA50', 'GIF', 'NMRAL1', 'MUT', 'RUVBL1', 'PTGR1', 'MED1', 'NME2', 'CYP2E1', 'ADORA2A', 'THRB', 'CD1D', 'CYP2B6', 'SIRT6', 'GIF', 'HSDL2', 'CYP46A1', 'CYP11A1', 'CYCS', 'CYP1B1', 'PARP14', 'PCNA', 'MED1', 'MED1', 'CD1D', 'SMO']",42
enalapril,"['PROCR', 'SLCO1B1', 'CES1', 'ABCB1', 'ANPEP', 'NQO1', 'CYP3A4', 'NME2', 'HSPA4', 'APEX1', 'THRB', 'VEGFA', 'SLC15A1', 'FKBP4', 'ALB', 'NOS1', 'SMO', 'DSP', 'MME', 'ADRB2', 'REN', 'ADAM8', 'GALE', 'MPO', 'AGT', 'ECE1', 'PDE5A', 'MAPK8', 'BDKRB2', 'KNG1', 'MMP1', 'BCL2L1', 'NCOA2', 'EP300', 'NOS3', 'HIST1H3H', 'FASN', 'AKR1C4', 'SLCO1A2', 'CD1D', 'CD1A', 'TP53', 'MED1', 'SLC22A8', 'NR3C2', 'SLC22A6', 'CCN2', 'COMT', 'F2R', 'HAO1', 'GSR', 'ACE2', 'COL4A3BP', 'MUT', 'DPP4', 'LTA4H', 'RNASEL', 'SLC22A7', 'ACE', 'PCNA', 'OGT']",61,"New_DrugBank, ChEMBL, PubChem, STITCH, TTD, Pocket_Features",6,"['ALB', 'SLC22A8', 'SLC22A6', 'SLC15A1', 'ABCB1', 'SLC22A7', 'ACE']",7,['ACE'],1,"['ALB', 'NOS1', 'VEGFA', 'PDE5A', 'CCN2', 'SLCO1B1', 'NR3C2', 'SLC22A7', 'ADRB2', 'HSPA4', 'MAPK8', 'SLC15A1', 'ABCB1', 'GSR', 'SLC22A8', 'SLCO1A2', 'CES1', 'BDKRB2', 'DSP', 'SLC22A6', 'ACE', 'APEX1', 'DPP4', 'CYP3A4', 'NOS3', 'TP53', 'AGT']",27,"['ACE', 'REN']",2,['ACE'],1,"['NQO1', 'MPO', 'GALE', 'MMP1', 'PROCR', 'CD1A', 'MME', 'ACE2', 'ACE', 'COL4A3BP', 'AKR1C4', 'HAO1', 'MUT', 'NME2', 'EP300', 'COMT', 'ECE1', 'THRB', 'CD1D', 'ACE', 'OGT', 'BCL2L1', 'OGT', 'FASN', 'LTA4H', 'PCNA', 'MED1', 'MED1', 'F2R', 'KNG1', 'KNG1', 'ADAM8', 'FKBP4', 'CD1D', 'HIST1H3H', 'NCOA2', 'ANPEP', 'RNASEL', 'OGT', 'OGT', 'OGT', 'SMO']",42
methazolamide,"['CLU', 'MINA', 'Car13', 'PROCR', 'CD1C', 'canA', 'TIMP1', 'HLA-B', 'RET', 'NME2', 'AOC3', 'CA6', 'SNAI1', 'HLA-C', 'SYN3', 'RNLS', 'CA12', 'AKR1B10', 'INSR', 'CA4', 'CD40LG', 'HINT1', 'CCNC', 'CA2', 'CA9', 'OGT', 'CA14', 'CRYM', 'CA1', 'REN', 'AKR1C3', 'KDM6B', 'METAP2', 'GIF', 'THAP4', 'LY96', 'NCOA2', 'CA5B', 'GAP43', 'NCE103', 'AKR1C4', 'CD1D', 'AIFM1', 'CD1A', 'MED1', 'GLO1', 'SLC22A6', 'KDM1A', 'Car5a', 'CA5A', 'EHMT2', 'CA7', 'WIF1', 'ACE', 'PCNA', 'CA-I', 'PHGDH', 'AKR1C2', 'CA3', 'GAL']",60,"New_DrugBank, ChEMBL, PubChem, STITCH, TTD, Pocket_Features",6,"['CA7', 'SLC22A6', 'CA3', 'CA1', 'CA4', 'CA2']",6,"['CA4', 'CA1', 'CA2', 'CA7']",4,"['CA5A', 'GAP43', 'HLA-B', 'CA7', 'EHMT2', 'CA4', 'CA9', 'canA', 'CA5B', 'RET', 'NCE103', 'CA3', 'GAL', 'CA1', 'TIMP1', 'SLC22A6', 'CLU', 'CA14', 'CA6', 'HLA-C', 'CA2', 'INSR', 'Car5a', 'CA12', 'Car13']",25,"['CA9', 'CA4', 'CA7', 'CA2']",4,['CA-I'],1,"['METAP2', 'CA1', 'AKR1C2', 'PROCR', 'AIFM1', 'CD1A', 'AKR1C3', 'AKR1B10', 'KDM1A', 'AKR1C4', 'PHGDH', 'CRYM', 'SYN3', 'GIF', 'KDM1A', 'MINA', 'KDM6B', 'SNAI1', 'AOC3', 'WIF1', 'NME2', 'CA4', 'CD1D', 'THAP4', 'CA9', 'GIF', 'CD40LG', 'CA7', 'ACE', 'NCOA2', 'REN', 'CD1C', 'RNLS', 'OGT', 'HINT1', 'PCNA', 'MED1', 'GLO1', 'CD1D', 'CCNC', 'LY96', 'CA12']",42
acarbose,"['FOLH1', 'AGER', 'CTBP1', 'GALNT2', 'NME2', 'THRB', 'CTBP2', 'SIRT6', 'RNLS', 'AKR1B10', 'G6PD', 'AIM2', 'AMY2A', 'ALDH2', 'AKR1B1', 'GPD1L', 'MMP9', 'CRYM', 'SOS1', 'SI', 'PXN', 'GIF', 'PGA4', 'HIST1H3H', 'TCN2', 'CD1D', 'PANK3', 'KDM1A', 'GAA', 'PCTP', 'GMDS', 'MUT', 'DPP4', 'MGAM', 'TK1', 'RNASEL', 'PCNA', 'NMNAT3', 'MAVS']",39,"New_DrugBank, ChEMBL, PubChem, STITCH, TTD, Pocket_Features",6,"['AMY2A', 'SI', 'GAA', 'MGAM']",4,"['AMY2A', 'MGAM']",2,"['AMY2A', 'SI', 'MGAM', 'GAA']",4,"['MGAM', 'SI', 'GAA']",3,['MGAM'],1,"['PCTP', 'CTBP1', 'NMNAT3', 'SOS1', 'ALDH2', 'PGA4', 'GMDS', 'AKR1B1', 'AKR1B10', 'TCN2', 'G6PD', 'GALNT2', 'CRYM', 'CTBP2', 'TK1', 'GPD1L', 'GIF', 'MAVS', 'KDM1A', 'KDM1A', 'MUT', 'NME2', 'FOLH1', 'THRB', 'CD1D', 'SIRT6', 'HIST1H3H', 'GIF', 'MGAM', 'SI', 'PANK3', 'AGER', 'SIRT6', 'PXN', 'RNLS', 'MGAM', 'AIM2', 'PCNA', 'DPP4', 'CD1D', 'RNASEL', 'MMP9']",42
edrophonium,"['CES1', 'ACADSB', 'NQO1', 'NME2', 'ALDH7A1', 'SNAI1', 'NCOA1', 'AChE', 'KYAT1', 'NF1', 'CARM1', 'ALDH2', 'SULT2A1', 'DPEP1', 'EPHX2', 'REN', 'HDAC2', 'Ache', 'BCHE', 'GIF', 'FKBP5', 'NCOA2', 'PGA4', 'EP300', 'HIST1H3H', 'DLD', 'ACHE', 'KDM1A', 'HAO1', 'TAT', 'LSS', 'PCNA', 'DPP4', 'NNMT', 'MGAM', 'PEX5', 'RNASEL', 'ECE2', 'NMNAT3', 'BHMT']",40,"New_DrugBank, ChEMBL, PubChem, STITCH, TTD, Pocket_Features",6,"['BCHE', 'ACHE']",2,['ACHE'],1,"['BCHE', 'Ache', 'ACHE']",3,"['ACHE', 'BCHE']",2,['AChE'],1,"['NQO1', 'DPEP1', 'SULT2A1', 'BHMT', 'NMNAT3', 'ALDH2', 'PGA4', 'LSS', 'DLD', 'CES1', 'NNMT', 'ALDH7A1', 'ACADSB', 'HAO1', 'GIF', 'ECE2', 'KDM1A', 'SNAI1', 'EPHX2', 'NME2', 'EP300', 'TAT', 'KYAT1', 'EPHX2', 'REN', 'GIF', 'HDAC2', 'NCOA2', 'REN', 'EPHX2', 'NF1', 'PEX5', 'DLD', 'MGAM', 'PCNA', 'DPP4', 'FKBP5', 'HIST1H3H', 'NCOA1', 'NCOA1', 'RNASEL', 'CARM1']",42
dorzolamide,"['Cyp3a2', 'CYP2E1', 'CYP2C9', 'Car13', 'canA', 'NMRAL1', 'DHRS4', 'HSD17B1', 'RBP2', 'CYP3A4', 'NME2', 'ACOT13', 'THRB', 'CA6', 'UXS1', 'RNLS', 'CA12', 'AKR1B10', 'CA4', 'HINT1', 'CA2', 'CA9', 'AKR1B1', 'CA14', 'CRYM', 'CA1', 'AKR1D1', 'REN', 'OGT', 'AKR1C3', 'APOM', 'GIF', 'CA5B', 'HIST1H3H', 'NCE103', 'TCN2', 'ITPK1', 'CD1D', 'CD1A', 'CYP7A1', 'PANK3', 'KDM1A', 'CA-II', 'Car5a', 'TCEB2', 'CA5A', 'COL4A3BP', 'DCPS', 'CA7', 'PCNA', 'AKR1C2', 'CA3']",52,"New_DrugBank, ChEMBL, PubChem, STITCH, TTD, Pocket_Features",6,"['CYP2C9', 'CYP2E1', 'CA3', 'CA1', 'CA4', 'CA2']",6,['CA2'],1,"['CA5A', 'CA7', 'CA4', 'CA9', 'Cyp3a2', 'canA', 'CA5B', 'NCE103', 'CA3', 'CA1', 'CA14', 'CA6', 'CYP2E1', 'CA2', 'Car5a', 'CYP3A4', 'CA12', 'CYP2C9', 'Car13']",19,"['CA4', 'CA2']",2,['CA-II'],1,"['HSD17B1', 'CA1', 'AKR1C2', 'CD1A', 'AKR1C3', 'DCPS', 'AKR1B1', 'AKR1B10', 'UXS1', 'TCN2', 'KDM1A', 'COL4A3BP', 'CRYM', 'KDM1A', 'GIF', 'ITPK1', 'RBP2', 'NMRAL1', 'KDM1A', 'APOM', 'NME2', 'AKR1D1', 'ACOT13', 'CA4', 'THRB', 'CD1D', 'CA9', 'REN', 'GIF', 'PANK3', 'CA7', 'DHRS4', 'REN', 'RNLS', 'HINT1', 'CYP7A1', 'PCNA', 'TCEB2', 'HIST1H3H', 'OGT', 'OGT', 'CA12']",42
indapamide,"['KCNQ1', 'Car13', 'DHRS4', 'VLDLR', 'ADRA2A', 'ORM1', 'CYP3A4', 'NME2', 'APEX1', 'AOC3', 'CA6', 'AMD1', 'SNAI1', 'ARHGAP45', 'RNLS', 'EPHX1', 'MAPK3', 'CA12', 'ALB', 'CA4', 'CD40LG', 'HINT1', 'KCNE1', 'CA9', 'CA2', 'OGT', 'CA14', 'TAB1', 'CA1', 'REN', 'SLC22A2', 'KDM6B', 'CA13', 'METAP2', 'GIF', 'APOM', 'CA5B', 'MAPK1', 'CD1D', 'CDK16', 'HIF1AN', 'AIFM1', 'CYP7A1', 'KDM1A', 'HLA-DOA', 'ORM2', 'CA5A', 'COL4A3BP', 'PHF2', 'CA7', 'PEBP1', 'SLC12A3', 'SRSF1', 'PCNA', 'RBP2', 'CA3', 'FOS', 'EPRS', 'BHMT']",59,"New_DrugBank, ChEMBL, PubChem, STITCH, TTD, Pocket_Features",6,"['ALB', 'SLC12A3', 'CYP3A4']",3,['SLC12A3'],1,"['CA5A', 'ALB', 'CA7', 'ARHGAP45', 'CA4', 'MAPK3', 'CA9', 'KCNE1', 'REN', 'CA5B', 'ORM1', 'FOS', 'CA3', 'HLA-DOA', 'SLC12A3', 'CA1', 'ORM2', 'EPHX1', 'SLC22A2', 'MAPK1', 'CA14', 'ADRA2A', 'CA13', 'KCNQ1', 'CA6', 'APEX1', 'CA2', 'CA12', 'CYP3A4', 'Car13']",30,['CA2'],1,['KCNQ1'],1,"['HIF1AN', 'HIF1AN', 'CA1', 'BHMT', 'AIFM1', 'METAP2', 'KDM1A', 'COL4A3BP', 'KDM1A', 'GIF', 'PEBP1', 'RBP2', 'KDM1A', 'KDM6B', 'SNAI1', 'AOC3', 'APOM', 'NME2', 'SRSF1', 'VLDLR', 'AMD1', 'CA4', 'CD1D', 'CA9', 'REN', 'GIF', 'CD40LG', 'CA7', 'CDK16', 'DHRS4', 'REN', 'OGT', 'PHF2', 'RNLS', 'OGT', 'HINT1', 'CYP7A1', 'PCNA', 'TAB1', 'OGT', 'CA12', 'EPRS']",42
trandolapril,"['CYBA', 'PROCR', 'CES1', 'NQO1', 'PTPRD', 'NME2', 'THRB', 'NCOA1', 'SLC15A1', 'NCF1', 'ADARB1', 'SMO', 'Ren2', 'REN', 'ACAD8', 'GALE', 'PXN', 'AGT', 'ECE1', 'AKR1C3', 'KNG1', 'ADRB1', 'MMP1', 'NCOA2', 'BCL2L1', 'SOD2', 'HIST1H3H', 'FASN', 'HSD11B1', 'AKR1C4', 'CD1D', 'CD1A', 'ACHE', 'FN1', 'MED1', 'COMT', 'F2R', 'SLC15A2', 'ACE2', 'MUT', 'GSR', 'CAT', 'DCXR', 'ADCYAP1R1', 'LTA4H', 'ACE', 'PCNA', 'OGT', 'MAVS']",49,"New_DrugBank, ChEMBL, PubChem, STITCH, TTD, Pocket_Features",6,"['CES1', 'SLC15A2', 'SLC15A1', 'ACE']",4,['ACE'],1,"['REN', 'ADRB1', 'NCF1', 'Ren2', 'SLC15A2', 'CAT', 'PTPRD', 'CYBA', 'FN1', 'CES1', 'ACHE', 'SOD2', 'ACE', 'SLC15A1', 'ACE2', 'AGT']",16,['ACE'],1,['ACE'],1,"['NQO1', 'GALE', 'MMP1', 'PROCR', 'CD1A', 'DCXR', 'ACE2', 'ACAD8', 'AKR1C3', 'ACE', 'HSD11B1', 'ADARB1', 'AKR1C4', 'MAVS', 'MUT', 'MED1', 'NME2', 'COMT', 'GSR', 'ECE1', 'THRB', 'CD1D', 'ADCYAP1R1', 'ACE', 'NCOA2', 'PXN', 'BCL2L1', 'OGT', 'FASN', 'LTA4H', 'PCNA', 'MED1', 'F2R', 'KNG1', 'KNG1', 'HIST1H3H', 'NCOA2', 'NCOA2', 'NCOA1', 'OGT', 'OGT', 'SMO']",42
pentostatin,"['RUVBL1', 'RELA', 'MPZ', 'GSTK1', 'NMNAT1', 'CTBP1', 'NME2', 'THRB', 'ALDH7A1', 'SNAI1', 'GLTP', 'MME', 'ASMT', 'LDHA', 'PAH', 'GALE', 'CDK2', 'PXN', 'PDE5A', 'PRKAA1', 'DCK', 'HIST1H4I', 'EYA2', 'HIBADH', 'MAPK1', 'PNMT', 'CD1D', 'LDHB', 'WARS', 'UGDH', 'PDE6C', 'GDA', 'GMDS', 'MUT', 'RRP8', 'ADA', 'GSR', 'LTA4H', 'SIRT3', 'PCNA', 'SEC14L2', 'PNLIP', 'MAVS']",43,"New_DrugBank, ChEMBL, PubChem, STITCH, TTD, Pocket_Features",6,['ADA'],1,['ADA'],1,"['ADA', 'PRKAA1']",2,"['ADA', 'DCK']",2,['ADA'],1,"['GALE', 'LDHB', 'PAH', 'NMNAT1', 'PNLIP', 'CTBP1', 'SEC14L2', 'MME', 'WARS', 'GMDS', 'CDK2', 'PDE5A', 'HIBADH', 'ALDH7A1', 'UGDH', 'MAVS', 'MUT', 'RUVBL1', 'SNAI1', 'MAPK1', 'RRP8', 'NME2', 'GSR', 'THRB', 'CD1D', 'ADA', 'PDE6C', 'PNMT', 'MPZ', 'PXN', 'RELA', 'RELA', 'GSTK1', 'GLTP', 'LTA4H', 'PCNA', 'ASMT', 'LDHA', 'GDA', 'EYA2', 'HIST1H4I', 'SIRT3']",42
galantamine,"['CD1C', 'CES1', 'ABCB1', 'ATL1', 'NQO1', 'CYP3A4', 'NME2', 'THRB', 'SNAI1', 'NCOA1', 'AChE', 'NF1', 'TAF10', 'FKBP4', 'CARM1', 'CHAT', 'ALDH2', 'SULT2A1', 'APP', 'EPHX2', 'REN', 'PTGR1', 'GRM1', 'CES2', 'CYP2D6', 'HDAC2', 'CHRM1', 'BCHE', 'GIF', 'FKBP5', 'CHRNA4', 'CHRNB2', 'pdlim3b', 'PGA4', 'EP300', 'CHRFAM7A', 'NOS2', 'hspb11', 'CD1D', 'ACHE', 'ZADH2', 'KDM1A', 'COMT', 'CHRNA7', 'LSS', 'PCNA', 'DPP4', 'CHKA', 'MGAM', 'PEX5', 'LTA4H', 'ECE2', 'NMNAT3', 'BHMT']",54,"New_DrugBank, ChEMBL, PubChem, STITCH, TTD, Pocket_Features",6,"['CHRNA7', 'CYP2D6', 'ACHE', 'ABCB1', 'CYP3A4', 'BCHE']",6,['ACHE'],1,"['ABCB1', 'pdlim3b', 'CHRNA7', 'CHRNA4', 'CYP2D6', 'BCHE', 'CHRFAM7A', 'ACHE', 'CYP3A4', 'CES2', 'APP', 'CHAT', 'CHRNB2', 'CHRM1', 'hspb11']",15,"['ACHE', 'BCHE']",2,['AChE'],1,"['NQO1', 'SULT2A1', 'BHMT', 'NMNAT3', 'ALDH2', 'PGA4', 'LSS', 'ZADH2', 'KDM1A', 'CES1', 'GIF', 'ECE2', 'PTGR1', 'SNAI1', 'EPHX2', 'NME2', 'EP300', 'COMT', 'NOS2', 'THRB', 'CD1D', 'EPHX2', 'GIF', 'GRM1', 'TAF10', 'TAF10', 'HDAC2', 'REN', 'CD1C', 'NF1', 'PEX5', 'MGAM', 'LTA4H', 'PCNA', 'DPP4', 'CHKA', 'FKBP5', 'FKBP4', 'CD1D', 'NCOA1', 'ATL1', 'CARM1']",42
rosuvastatin,"['DIRAS2', 'NMRAL1', 'CYP2C9', 'SLCO1B1', 'RUVBL1', 'CYP3A5', 'DHRS4', 'TP53I3', 'SLCO2B1', 'HSD17B1', 'CTBP1', 'NME2', 'THRB', 'SLC10A1', 'SRXN1', 'ALDH7A1', 'SNAI1', 'COQ2', 'SIRT6', 'SLCO1B3', 'PARP14', 'KIF6', 'ALB', 'PANK1', 'SLC7A11', 'OGT', 'CRYM', 'ITGAL', 'GALE', 'HPGD', 'ABCG2', 'HLA-DRB1', 'RGS14', 'HMGCR', 'IDH1', 'FMO3', 'NOS3', 'ABCB11', 'Hmgcr', 'CRP', 'CRYZ', 'HSD17B4', 'DLD', 'HSD11B1', 'SLCO1A2', 'ARHGEF25', 'SLC22A8', 'AK1', 'APOB', 'ABCC2', 'SPR', 'GMDS', 'ABCC4', 'MUT', 'GSR', 'RAB1B', 'SORD', 'RNASEL', 'PRMT6', 'PCNA', 'DECR2', 'AHCY', 'AHCYL1']",63,"New_DrugBank, ChEMBL, PubChem, STITCH, TTD, Pocket_Features",6,"['ALB', 'SLCO1B3', 'ABCB11', 'ABCG2', 'HMGCR', 'SLCO1B1', 'CYP2C9', 'SLC22A8', 'ABCC2', 'ITGAL', 'SLC7A11', 'ABCC4', 'SLCO2B1', 'SLC10A1']",14,['HMGCR'],1,"['ALB', 'ABCC2', 'COQ2', 'SLCO2B1', 'ABCC4', 'ABCB11', 'HMGCR', 'FMO3', 'SLCO1B1', 'CYP3A5', 'HLA-DRB1', 'ABCG2', 'SLC7A11', 'SLC22A8', 'CRP', 'SLCO1A2', 'SLC10A1', 'NOS3', 'Hmgcr', 'CYP2C9', 'KIF6', 'ITGAL', 'SLCO1B3']",23,"['APOB', 'HMGCR', 'CRP', 'NOS3']",4,['HMGCR'],1,"['HSD17B1', 'GALE', 'AHCY', 'CTBP1', 'SORD', 'GMDS', 'HSD11B1', 'CRYZ', 'SPR', 'HSD17B4', 'DLD', 'DLD', 'AK1', 'RUVBL1', 'DIRAS2', 'HPGD', 'CRYM', 'ALDH7A1', 'TP53I3', 'HMGCR', 'ARHGEF25', 'NMRAL1', 'MUT', 'RGS14', 'SNAI1', 'NME2', 'GSR', 'THRB', 'SRXN1', 'IDH1', 'SIRT6', 'AHCYL1', 'RAB1B', 'DHRS4', 'DLD', 'PANK1', 'PCNA', 'PARP14', 'DECR2', 'RNASEL', 'OGT', 'PRMT6']",42
saxagliptin,"['PROCR', 'CYP3A5', 'RELA', 'TP53I3', 'FOLH1', 'TNF', 'PREP', 'GSTK1', 'CYP3A4', 'CTBP1', 'NME2', 'NFE2L2', 'THRB', 'CYCS', 'MMP2', 'DPP-4', 'UXS1', 'HNMT', 'KYAT1', 'TMEM173', 'FKBP4', 'ICAM1', 'AKR1B1', 'MMP9', 'ACAD8', 'MPO', 'HMGB1', 'TLR1', 'GIF', 'FKBP5', 'NCOA2', 'EP300', 'FNTB', 'NOS2', 'BCL2', 'NOX4', 'SLCO4C1', 'CRYZ', 'FASN', 'TCN2', 'CD1D', 'HIST1H3H', 'MED1', 'MAVS', 'SLC22A8', 'PANK3', 'NMT1', 'HAO1', 'HMOX1', 'GMDS', 'HTATIP2', 'ABCC1', 'DCPS', 'LSS', 'DPP4', 'RNASEL', 'BDNF', 'CASP3', 'ACE', 'PCNA', 'MYD88', 'AGER', 'TH']",63,"New_DrugBank, ChEMBL, PubChem, STITCH, TTD, Pocket_Features",6,"['SLC22A8', 'ABCC1', 'DPP4', 'CYP3A4', 'CYP3A5']",5,['DPP4'],1,"['TH', 'NFE2L2', 'HMOX1', 'CYP3A5', 'MMP9', 'MPO', 'MYD88', 'SLC22A8', 'CASP3', 'BDNF', 'RELA', 'HMGB1', 'NOS2', 'ICAM1', 'BCL2', 'ABCC1', 'NOX4', 'DPP4', 'CYCS', 'CYP3A4', 'SLCO4C1', 'MMP2', 'TNF']",23,['DPP4'],1,['DPP-4'],1,"['HNMT', 'PROCR', 'CTBP1', 'ACAD8', 'DCPS', 'GMDS', 'AKR1B1', 'LSS', 'CRYZ', 'UXS1', 'TCN2', 'HTATIP2', 'FNTB', 'TP53I3', 'HAO1', 'GIF', 'MAVS', 'TLR1', 'NME2', 'FOLH1', 'EP300', 'PREP', 'KYAT1', 'THRB', 'CD1D', 'NMT1', 'PANK3', 'CYCS', 'ACE', 'NCOA2', 'AGER', 'GSTK1', 'FASN', 'PCNA', 'MED1', 'DPP4', 'FKBP5', 'FKBP4', 'TMEM173', 'CD1D', 'HIST1H3H', 'RNASEL']",42
miglustat,"['LOX', 'HLA-DRA', 'FOLH1', 'ACSM2A', 'PHF8', 'ADH4', 'NME2', 'ACADM', 'ALDH7A1', 'NAALAD2', 'AKR1B10', 'RNLS', 'CA12', 'CHIT1', 'UGCG', 'AIM2', 'CA4', 'PRKCSH', 'CA9', 'AKR1B1', 'GPD1L', 'GBA1', 'GALE', 'ACAD8', 'SI', 'AKR1C3', 'GIF', 'THAP4', 'SETMAR', 'GANAB', 'BCL2', 'DDC', 'CANX', 'GBA', 'PNMT', 'AKR1C4', 'CDK16', 'CD1D', 'F2R', 'F2', 'PAWR', 'GMDS', 'ST8SIA1', 'LSS', 'CFTR', 'DCPS', 'DPP4', 'CHKA', 'MGAM', 'PCNA', 'AKR1C2', 'GBA2', 'BHMT']",53,"New_DrugBank, ChEMBL, PubChem, STITCH, TTD, Pocket_Features",6,['UGCG'],1,['UGCG'],1,"['BCL2', 'ST8SIA1', 'UGCG', 'GBA1', 'CFTR', 'PRKCSH', 'CANX', 'LOX', 'PAWR', 'GANAB']",10,"['UGCG', 'GBA2', 'GBA']",3,['UGCG'],1,"['F2', 'HLA-DRA', 'ACADM', 'GALE', 'AKR1C2', 'BHMT', 'F2R', 'ACAD8', 'AKR1C3', 'GMDS', 'AKR1B1', 'LSS', 'CHIT1', 'AKR1B10', 'AKR1C4', 'ALDH7A1', 'GPD1L', 'GIF', 'NME2', 'FOLH1', 'DCPS', 'SETMAR', 'ACSM2A', 'ADH4', 'NAALAD2', 'CA4', 'THAP4', 'CA9', 'PNMT', 'PHF8', 'MGAM', 'SI', 'CDK16', 'RNLS', 'DDC', 'MGAM', 'AIM2', 'PCNA', 'DPP4', 'CHKA', 'CD1D', 'CA12']",42
tranexamic acid,"['PARP1', 'TIMP1', 'PLAT', 'TGFB2', 'HSPA6', 'CTBP1', 'NME2', 'THRB', 'CTBP2', 'BAX', 'HGF', 'F10', 'CHIT1', 'PARP15', 'AKT1', 'MMACHC', 'SOS1', 'EIF4EBP1', 'SI', 'INPPL1', 'PTPRG', 'IGHG1', 'GIF', 'APOM', 'RNF146', 'CASP9', 'MTRR', 'EP300', 'FKBP5', 'EED', 'RAMP1', 'BCL2', 'PLG', 'NCBP1', 'TLR8', 'HSDL2', 'COL1A1', 'RAB2A', 'PCTP', 'TCEB2', 'ACE2', 'DCPS', 'KRT19', 'DPP4', 'MGAM', 'CASP3', 'PCNA', 'PHGDH', 'OAT']",49,"New_DrugBank, ChEMBL, PubChem, STITCH, TTD, Pocket_Features",6,['PLG'],1,['PLG'],1,"['BCL2', 'PARP1', 'PLG', 'CASP9', 'COL1A1', 'CASP3', 'TGFB2', 'TIMP1', 'KRT19', 'BAX']",10,"['PLAT', 'PLG']",2,['PLG'],1,"['PLG', 'IGHG1', 'PCTP', 'CTBP1', 'NCBP1', 'F10', 'SOS1', 'ACE2', 'DCPS', 'CHIT1', 'RAB2A', 'PHGDH', 'PTPRG', 'OAT', 'CTBP2', 'GIF', 'MTRR', 'APOM', 'NME2', 'EP300', 'DCPS', 'HSPA6', 'THRB', 'EIF4EBP1', 'EED', 'GIF', 'HSDL2', 'MGAM', 'SI', 'EIF4EBP1', 'RAMP1', 'MMACHC', 'HGF', 'MGAM', 'PARP15', 'RNF146', 'PCNA', 'TLR8', 'DPP4', 'INPPL1', 'TCEB2', 'FKBP5', 'AKT1']",43
chlorthalidone,"['SLC12A1', 'NPPA', 'Car13', 'HSD17B1', 'ACOT13', 'CTBP1', 'NME2', 'THRB', 'TGFB3', 'CA6', 'SNAI1', 'NCOA1', 'RNLS', 'CA12', 'MAPK10', 'ALB', 'CA4', 'CD40LG', 'HINT1', 'NRP2', 'CA9', 'CA2', 'AKR1D1', 'CA14', 'CA1', 'SHBG', 'REN', 'VEGFC', 'AGT', 'KDM7A', 'GIF', 'MMP1', 'NCOA2', 'CA5B', 'PGA4', 'MMP3', 'NAA50', 'HIST1H3H', 'FGFR3', 'AKR1C4', 'NUDT16', 'MED1', 'CYP7A1', 'GLO1', 'KDM1A', 'SEPHS1', 'TCEB2', 'CA5A', 'PHF2', 'CA7', 'SLC12A3', 'ACE', 'PCNA', 'BPI', 'CA3', 'EGLN1']",56,"New_DrugBank, ChEMBL, PubChem, STITCH, TTD, Pocket_Features",6,"['ALB', 'CA1', 'SLC12A1']",3,['SLC12A3'],1,"['CA5A', 'ALB', 'CA7', 'TGFB3', 'CA4', 'CA9', 'VEGFC', 'REN', 'CA5B', 'NRP2', 'CA3', 'NPPA', 'SLC12A1', 'SLC12A3', 'CA1', 'MMP3', 'FGFR3', 'ACE', 'CA14', 'CA6', 'CA2', 'CA12', 'Car13', 'AGT']",24,['CA2'],1,['SLC12A1'],1,"['HSD17B1', 'SHBG', 'BPI', 'CA1', 'CTBP1', 'PGA4', 'MMP1', 'KDM1A', 'AKR1C4', 'KDM1A', 'NAA50', 'GIF', 'KDM1A', 'NUDT16', 'SNAI1', 'NME2', 'AKR1D1', 'ACOT13', 'SEPHS1', 'CA4', 'THRB', 'EGLN1', 'CA9', 'GIF', 'KDM7A', 'CD40LG', 'CA7', 'REN', 'MAPK10', 'PHF2', 'RNLS', 'HINT1', 'CYP7A1', 'PCNA', 'MED1', 'GLO1', 'TCEB2', 'HIST1H3H', 'NCOA1', 'NCOA1', 'CA12', 'NCOA2']",42
ramipril,"['TIMP4', 'CYBA', 'PROCR', 'SMAD2', 'CES1', 'THRB', 'NME2', 'ADIPOQ', 'NCOA1', 'SLC15A1', 'MMP2', 'BAX', 'TGFB1', 'ADARB1', 'SIRT1', 'GFER', 'TGFBR3', 'BDKRB1', 'PDGFA', 'NOS1', 'CYBB', 'FOXO3', 'MME', 'LEP', 'OGT', 'TAB1', 'CCL2', 'MYH7', 'REN', 'AGT', 'ECE1', 'MAPK8', 'AKR1C3', 'KNG1', 'BCHE', 'MMP1', 'BCL2L1', 'NCOA2', 'EP300', 'NPPB', 'NOS3', 'BMP7', 'BCL2', 'HIST1H3H', 'FASN', 'AKR1C4', 'CD1D', 'CD1A', 'MED1', 'COL1A1', 'PDGFB', 'CCN2', 'PTGS2', 'SLC15A2', 'ROCK2', 'HAO1', 'ACE2', 'COL4A3BP', 'MUT', 'LTA4H', 'RHOA', 'ACE', 'PCNA', 'AKR1C2']",64,"New_DrugBank, ChEMBL, PubChem, STITCH, TTD, Pocket_Features",6,"['BDKRB1', 'SLC15A1', 'SLC15A2', 'BCHE', 'ACE']",5,['ACE'],1,"['FOXO3', 'NOS1', 'COL1A1', 'BMP7', 'KNG1', 'CCN2', 'ROCK2', 'REN', 'RHOA', 'CCL2', 'BDKRB1', 'TGFB1', 'MAPK8', 'LEP', 'SLC15A1', 'CYBB', 'BCHE', 'CES1', 'MYH7', 'ACE', 'PTGS2', 'NPPB', 'BCL2', 'SLC15A2', 'ADIPOQ', 'PDGFB', 'TIMP4', 'CYBA', 'TGFBR3', 'SIRT1', 'NOS3', 'SMAD2', 'BAX', 'MMP2', 'PDGFA', 'AGT']",36,"['ACE', 'REN']",2,['ACE'],1,"['MMP1', 'AKR1C2', 'PROCR', 'CD1A', 'MME', 'ACE2', 'AKR1C3', 'ACE', 'ADARB1', 'COL4A3BP', 'NCOA1', 'AKR1C4', 'HAO1', 'MUT', 'MED1', 'NME2', 'EP300', 'ECE1', 'THRB', 'CD1D', 'NCOA1', 'ACE', 'OGT', 'BCL2L1', 'OGT', 'FASN', 'GFER', 'LTA4H', 'MED1', 'PCNA', 'MED1', 'MED1', 'KNG1', 'KNG1', 'TAB1', 'CD1D', 'HIST1H3H', 'NCOA2', 'NCOA2', 'OGT', 'OGT', 'OGT']",42
sulfamethoxazole,"['RAB7A', 'CYP2C9', 'RBSN', 'ACADSB', 'Bact folP', 'CYP3A4', 'PIR', 'COL2A1', 'NME2', 'THRB', 'NAT1', 'GCLC', 'FABP7', 'UXS1', 'RAB11FIP3', 'GSTP1', 'RASL12', 'G6PD', 'IFNG', 'CYB5R3', 'PDK4', 'ALB', 'SOX9', 'MIR155', 'KCNAB2', 'SULT1C3', 'GPD1L', 'ACAN', 'GMPR', 'RND1', 'PTGR1', 'SULT1A1', 'MPO', 'PDE10A', 'GSTM1', 'folP', 'GSK3B', 'GIF', 'PHF13', 'ADH1C', 'RAB2B', 'RAC2', 'HLA-G', 'HSD17B10', 'SOD2', 'ABCB11', 'UROD', 'ACOT12', 'IL5', 'CXCL8', 'RAB11A', 'TCN2', 'ITPK1', 'STEAP3', 'NAT2', 'ACHE', 'ARHGAP1', 'RRAS', 'ACSS1', 'MIR21', 'RAN', 'CFTR', 'SYTL2', 'RAB18', 'PCNA', 'PHYH', 'MIR18A']",67,"New_DrugBank, ChEMBL, PubChem, STITCH, TTD, Pocket_Features",6,"['ALB', 'ABCB11', 'CYP2C9', 'CYP3A4']",4,['folP'],1,"['ALB', 'ACHE', 'ABCB11', 'HLA-G', 'G6PD', 'MIR21', 'folP', 'SOX9', 'NAT2', 'CXCL8', 'PIR', 'COL2A1', 'IFNG', 'PHYH', 'MPO', 'GSTM1', 'ACAN', 'GSTP1', 'NAT1', 'MIR18A', 'MIR155', 'IL5', 'CYP3A4', 'SOD2', 'CYP2C9', 'GCLC']",26,['CYP2C9'],1,['Bact folP'],1,"['FABP7', 'RAN', 'SULT1A1', 'RAB11A', 'ARHGAP1', 'UROD', 'RAB7A', 'ADH1C', 'CYB5R3', 'RAB18', 'RBSN', 'KCNAB2', 'RAB2B', 'UXS1', 'TCN2', 'GMPR', 'PDK4', 'RRAS', 'RAB11FIP3', 'ACADSB', 'HSD17B10', 'GPD1L', 'CFTR', 'ITPK1', 'SULT1C3', 'RND1', 'STEAP3', 'RAC2', 'PTGR1', 'PDE10A', 'ACOT12', 'NME2', 'SYTL2', 'RASL12', 'CFTR', 'ACSS1', 'THRB', 'GIF', 'RAN', 'PHF13', 'PCNA', 'GSK3B']",42
diflunisal,"['UGT2B7', 'SYK', 'ACVR1', 'FABP1', 'TNF', 'THRB', 'NFE2L2', 'RPS6KA5', 'UGT1A7', 'EIF2AK3', 'HLA-A', 'PDPK1', 'RAB6A', 'THEM4', 'AKR1B10', 'UGT1A10', 'SLC6A8', 'SRC', 'FYN', 'ALB', 'MAPK10', 'DHFR', 'IL1B', 'CD40LG', 'CA2', 'UGT1A1', 'PANK1', 'CA1', 'JAK2', 'ERBB2', 'EGFR', 'COX-2', 'GSK3B', 'LIMK1', 'PKIA', 'HSD17B10', 'ALDOA', 'NAA50', 'NOS2', 'TTR', 'UGT1A3', 'UGT1A9', 'ZAP70', 'HSD11B1', 'FGFR2', 'SLC22A6', 'PTGS2', 'UGT1A8', 'PCTP', 'GAD2', 'ERN1', 'RAB1B', 'PNPO', 'IL6', 'TEK', 'CSF1R', 'PCNA', 'ERBB4', 'PTGS1', 'FOS', 'AKT2']",61,"New_DrugBank, ChEMBL, PubChem, STITCH, TTD, Pocket_Features",6,"['ALB', 'UGT1A9', 'SLC22A6', 'PTGS1', 'PTGS2', 'TTR']",6,"['PTGS2', 'PTGS1']",2,"['UGT1A1', 'ALB', 'DHFR', 'NFE2L2', 'IL1B', 'UGT2B7', 'UGT1A10', 'UGT1A9', 'FOS', 'CA1', 'UGT1A3', 'TTR', 'SLC22A6', 'HSD17B10', 'PTGS2', 'UGT1A8', 'NOS2', 'CA2', 'SLC6A8', 'UGT1A7', 'PTGS1', 'TNF', 'HLA-A', 'IL6']",24,['ALB'],1,['COX-2'],1,"['TTR', 'GSK3B', 'PCTP', 'PNPO', 'AKT2', 'AKT2', 'ZAP70', 'HSD11B1', 'AKR1B10', 'SRC', 'FYN', 'CSF1R', 'NAA50', 'GAD2', 'TEK', 'ERBB4', 'SRC', 'AKT2', 'FGFR2', 'THRB', 'RPS6KA5', 'CD40LG', 'RAB1B', 'PKIA', 'ERN1', 'EGFR', 'ERBB2', 'ACVR1', 'LIMK1', 'PANK1', 'MAPK10', 'FABP1', 'PCNA', 'ALDOA', 'PDPK1', 'TTR', 'RAB6A', 'GSK3B', 'SYK', 'JAK2', 'EIF2AK3', 'THEM4']",42
rasagiline,"['CD1C', 'PROCR', 'CYP1A2', 'NQO1', 'THRB', 'NME2', 'PIK3R1', 'ACADM', 'CDC34', 'NCOA1', 'GDNF', 'NF1', 'KAT8', 'CD40LG', 'PTGR2', 'SULT2A1', 'MAOA', 'ACADS', 'AKR1C3', 'TLR1', 'GIF', 'DRD2', 'NCOA2', 'HMGCS2', 'EP300', 'UROD', 'BCL2', 'PNMT', 'TCN2', 'CD1D', 'MED1', 'KDM1A', 'MAOB', 'PCTP', 'ERP27', 'PGR', 'MAO-B', 'PCNA', 'DHODH', 'SEC14L2']",40,"New_DrugBank, ChEMBL, PubChem, STITCH, TTD, Pocket_Features",6,"['MAOB', 'BCL2', 'CYP1A2']",3,['MAOB'],1,"['BCL2', 'MAOA', 'MAOB', 'DRD2', 'CYP1A2']",5,"['MAOB', 'GDNF', 'MAOA']",3,['MAO-B'],1,"['NQO1', 'ACADM', 'SULT2A1', 'PCTP', 'PROCR', 'SEC14L2', 'UROD', 'AKR1C3', 'PGR', 'TCN2', 'GIF', 'ACADS', 'HMGCS2', 'KDM1A', 'MAOB', 'MAOA', 'TLR1', 'PTGR2', 'MED1', 'NME2', 'EP300', 'NCOA1', 'THRB', 'CD1D', 'PNMT', 'CD40LG', 'NCOA2', 'CD1C', 'NF1', 'CDC34', 'PCNA', 'MED1', 'MED1', 'MED1', 'MED1', 'DHODH', 'PIK3R1', 'KAT8', 'CD1D', 'ERP27', 'NCOA2', 'NCOA1']",42
mexiletine,"['F11', 'CYP2E1', 'PLAT', 'TPSAB1', 'SCN3A', 'RAB4A', 'TMPRSS11E', 'CYP1A2', 'CYP3A4', 'SCN1A', 'SCN10A', 'SCN9A', 'SCN11A', 'F10', 'SIRT1', 'F5', 'AHR', 'XDH', 'SCN7A', 'CRYM', 'CTSG', 'JAK2', 'HPN', 'PRSS1', 'KLK7', 'KLK6', 'CYP2D6', 'SCN8A', 'SCN5A', 'PGA4', 'SCN2A', 'ST14', 'MAPK1', 'SCN4A', 'GZMB', 'GZMA', 'HSDL2', 'F2R', 'F2', 'PLAU', 'CYP2B6', 'F7', 'TAC1', 'PCNA', 'BACE2', 'PROC']",46,"New_DrugBank, ChEMBL, PubChem, STITCH, TTD, Pocket_Features",6,"['SCN5A', 'AHR', 'CYP2D6', 'CYP2E1', 'CYP1A2', 'CYP3A4', 'CYP2B6']",7,"['SCN2A', 'SCN1A', 'SCN8A', 'SCN3A', 'SCN11A', 'SCN4A', 'SCN5A', 'SCN7A', 'SCN10A', 'SCN9A']",10,"['CYP2E1', 'CYP2D6', 'SCN5A', 'CYP2B6', 'TAC1', 'CYP3A4', 'CYP1A2', 'SCN4A', 'AHR']",9,"['SCN5A', 'PLAU']",2,['SCN5A'],1,"['PLAT', 'PROC', 'F2', 'PRSS1', 'GZMB', 'F7', 'KLK6', 'F10', 'F2R', 'GZMA', 'HPN', 'PGA4', 'PLAT', 'CTSG', 'RAB4A', 'F7', 'F7', 'XDH', 'TPSAB1', 'F10', 'F2', 'CRYM', 'TMPRSS11E', 'F7', 'KLK7', 'F10', 'F10', 'F11', 'F2', 'PROC', 'F10', 'HSDL2', 'ST14', 'F5', 'F2', 'F2', 'PCNA', 'BACE2', 'TPSAB1', 'JAK2', 'MAPK1', 'SIRT1']",42
lisinopril,"['NPPA', 'PROCR', 'TIMP1', 'ANPEP', 'THRB', 'NME2', 'GH1', 'HPSE', 'VEGFA', 'SLC15A1', 'MMP2', 'EDN1', 'VDR', 'MME', 'HAVCR1', 'IGFBP1', 'CD2AP', 'SHBG', 'REN', 'ACAD8', 'GALE', 'MPO', 'PXN', 'AGT', 'ECE1', 'BDKRB2', 'KNG1', 'MMP1', 'BCL2L1', 'NCOA2', 'EP300', 'HLA-G', 'MMP3', 'ERAP1', 'NOS2', 'BCL2', 'FASN', 'CD1D', 'NPHS1', 'VIP', 'ACHE', 'CD1A', 'MED1', 'COMT', 'SLC15A2', 'TOP2A', 'HAO1', 'GMDS', 'NPHS2', 'ACE2', 'ADAMTS5', 'MUT', 'GSR', 'LTA4H', 'RNASEL', 'ACE', 'PCNA', 'OGT', 'AGER', 'MAVS']",60,"New_DrugBank, ChEMBL, PubChem, STITCH, TTD, Pocket_Features",6,"['SLC15A2', 'REN', 'SLC15A1', 'ACE']",4,['ACE'],1,"['ACHE', 'HLA-G', 'IGFBP1', 'VEGFA', 'SHBG', 'REN', 'VIP', 'MPO', 'SLC15A1', 'NPPA', 'HAVCR1', 'NPHS1', 'TIMP1', 'MMP3', 'BDKRB2', 'ACE', 'NOS2', 'BCL2', 'CD2AP', 'NPHS2', 'SLC15A2', 'EDN1', 'GH1', 'MMP2', 'HPSE', 'ACE2', 'AGT']",27,"['ACE', 'REN']",2,['ACE'],1,"['GALE', 'MMP1', 'PROCR', 'CD1A', 'MME', 'ACE2', 'ACAD8', 'GMDS', 'ACE', 'TOP2A', 'HAO1', 'ADAMTS5', 'MAVS', 'MUT', 'ERAP1', 'VDR', 'NME2', 'EP300', 'COMT', 'GSR', 'ECE1', 'THRB', 'CD1D', 'ACE', 'AGER', 'OGT', 'PXN', 'BCL2L1', 'OGT', 'FASN', 'LTA4H', 'PCNA', 'MED1', 'KNG1', 'KNG1', 'CD1D', 'NCOA2', 'ANPEP', 'RNASEL', 'OGT', 'OGT', 'OGT']",42
vardenafil,"['PROCR', 'PDE7A', 'CYP3A5', 'ABCB1', 'ACADSB', 'SPP1', 'TNF', 'CTNNB1', 'NQO1', 'CYP3A4', 'NME2', 'THRB', 'NFE2L2', 'ACADM', 'GCLC', 'CYCS', 'NCOA1', 'MYC', 'PDE6H', 'PDE9A', 'GCLM', 'GLTP', 'IL1B', 'PDE4B', 'NR0B2', 'ACAD8', 'PDE5A', 'PDE6G', 'BCL2L1', 'NCOA2', 'PDE4D', 'BMP2', 'TCN2', 'CD1D', 'CASP1', 'LDHB', 'PDE6C', 'PDE3B', 'PDE4A', 'PDE2A', 'HMOX1', 'MUT', 'CD1B', 'PYCARD', 'IL6', 'OGN', 'PPARG', 'CASP3', 'NLRP3', 'PCNA']",50,"New_DrugBank, ChEMBL, PubChem, STITCH, TTD, Pocket_Features",6,"['PDE5A', 'PDE6G', 'PDE6H', 'ABCB1', 'CYP3A4', 'CYP3A5']",6,['PDE5A'],1,"['GCLM', 'IL1B', 'OGN', 'PYCARD', 'CASP3', 'MYC', 'BMP2', 'IL6', 'CYP3A5', 'NLRP3', 'CASP1', 'NQO1', 'SPP1', 'NFE2L2', 'PDE5A', 'GCLC', 'TNF', 'HMOX1']",18,['PDE5A'],1,['PDE5A'],1,"['ACADM', 'LDHB', 'PROCR', 'ACAD8', 'PDE3B', 'PDE5A', 'PDE4D', 'PDE7A', 'TCN2', 'PDE5A', 'ACADSB', 'NCOA1', 'PDE4A', 'MUT', 'NME2', 'PDE5A', 'PDE9A', 'PDE4B', 'PDE4B', 'PDE4D', 'THRB', 'PDE2A', 'PDE6C', 'PDE6C', 'CYCS', 'NCOA2', 'NCOA2', 'NCOA1', 'GLTP', 'CD1B', 'CTNNB1', 'PPARG', 'PCNA', 'BCL2L1', 'NR0B2', 'CD1D', 'NCOA1', 'NCOA2', 'NCOA2', 'NCOA1', 'NCOA1', 'NCOA1', 'NCOA1']",43
sitagliptin,"['RTN4IP1', 'PROCR', 'FOLH1', 'RELA', 'ABCB1', 'PREP', 'HSD17B1', 'DPP7', 'CYP3A4', 'NQO1', 'NME2', 'THRB', 'PIK3R1', 'CYCS', 'DPP-4', 'NAALAD2', 'CYP2C8', 'FAP', 'AIM2', 'EPHX2', 'ACADS', 'GLP1R', 'ACAD8', 'PXN', 'DPP9', 'GIF', 'GPR119', 'EP300', 'FNTB', 'HIST1H3H', 'CRYZ', 'DPP8', 'FASN', 'CD1D', 'GSTA4', 'HSDL2', 'PANK3', 'SLC22A8', 'GMDS', 'COL4A3BP', 'DGUOK', 'LSS', 'DPP4', 'AKR7A2', 'NLRP1', 'ORF1ab', 'ACE', 'PCNA', 'OGT', 'PNLIP', 'GRHPR', 'AGER', 'MAVS']",53,"New_DrugBank, ChEMBL, PubChem, STITCH, TTD, Pocket_Features",6,"['SLC22A8', 'DPP4', 'CYP2C8', 'ABCB1', 'CYP3A4']",5,['DPP4'],1,"['ABCB1', 'GPR119', 'DPP9', 'SLC22A8', 'CYP2C8', 'DPP4', 'CYP3A4', 'GLP1R', 'DPP8', 'ORF1ab', 'DPP7', 'FAP']",12,['DPP4'],1,['DPP-4'],1,"['HSD17B1', 'NQO1', 'PNLIP', 'PROCR', 'ACAD8', 'GMDS', 'LSS', 'CRYZ', 'AKR7A2', 'COL4A3BP', 'GRHPR', 'FNTB', 'DGUOK', 'GIF', 'MAVS', 'ACADS', 'RTN4IP1', 'NME2', 'FOLH1', 'EP300', 'PREP', 'NAALAD2', 'THRB', 'CD1D', 'EPHX2', 'GSTA4', 'GIF', 'HSDL2', 'PANK3', 'CYCS', 'ACE', 'AGER', 'PXN', 'RELA', 'FASN', 'AIM2', 'PCNA', 'PIK3R1', 'DPP4', 'CD1D', 'HIST1H3H', 'OGT', 'NLRP1']",43
raloxifene,"['CYP2C19', 'SLCO1B1', 'PLAT', 'IL6ST', 'ABCB1', 'ORM1', 'CYP1A2', 'GSTK1', 'CYP3A4', 'PLD1', 'NME2', 'THRB', 'NCOA1', 'GNRH1', 'CBX1', 'ESRRG', 'SLCO1B3', 'ESR', 'CYP2C8', 'UGT1A10', 'IL6R', 'ALB', 'VDR', 'IL1B', 'TFF1', 'UGT1A1', 'TSHB', 'ATXN2', 'ALDH1A1', 'THPO', 'ABCG2', 'GHRL', 'MAPT', 'CYP2D6', 'CYP19A1', 'NCOA2', 'HSD17B10', 'GPER1', 'PIK3CA', 'AR', 'IGF1R', 'CD1D', 'ZNF423', 'NCOA5', 'TP53', 'FN1', 'TERT', 'MED1', 'PTGS2', 'UGT1A8', 'SERPINB9', 'ABCC2', 'PGR', 'ABCC4', 'PIK3CG', 'ABCC3', 'ESR2', 'CYP2B6', 'ESR1', 'CD1B', 'PCNA', 'AOX1']",62,"New_DrugBank, ChEMBL, PubChem, STITCH, TTD, Pocket_Features",6,"['ALB', 'SLCO1B3', 'ABCG2', 'SLCO1B1', 'TFF1', 'ABCC2', 'UGT1A1', 'CYP2C8', 'SERPINB9', 'AOX1', 'ORM1', 'ABCB1', 'ABCC4', 'CYP19A1', 'CYP3A4', 'ESR2', 'ESR1', 'CYP2B6']",18,['ESR2'],1,"['UGT1A1', 'ALB', 'ABCC2', 'PIK3CA', 'CYP2C8', 'IL6R', 'CYP19A1', 'ESR2', 'ABCC4', 'GHRL', 'TSHB', 'THPO', 'IL1B', 'SLCO1B1', 'IGF1R', 'ORM1', 'VDR', 'PLAT', 'UGT1A10', 'TERT', 'ESR1', 'PLD1', 'CYP2C19', 'PIK3CG', 'IL6ST', 'GNRH1', 'ABCG2', 'TFF1', 'ABCB1', 'CYP2D6', 'ALDH1A1', 'CYP1A2', 'AOX1', 'ABCC3', 'ZNF423', 'PTGS2', 'HSD17B10', 'UGT1A8', 'CYP2B6', 'SERPINB9', 'CYP3A4', 'TP53', 'CBX1', 'ATXN2', 'MAPT', 'SLCO1B3', 'GPER1']",47,"['PGR', 'ESR2', 'AOX1']",3,['ESR'],1,"['NCOA2', 'NCOA2', 'PGR', 'ESRRG', 'NCOA5', 'NCOA5', 'FN1', 'ESR1', 'NCOA2', 'NCOA2', 'NME2', 'NCOA2', 'THRB', 'NCOA1', 'NCOA2', 'AR', 'AR', 'NCOA1', 'NCOA1', 'NCOA2', 'NCOA2', 'GSTK1', 'CD1B', 'NCOA1', 'NCOA1', 'NCOA1', 'AR', 'AR', 'PCNA', 'MED1', 'NCOA2', 'CD1D', 'NCOA2', 'NCOA2', 'NCOA2', 'NCOA2', 'NCOA2', 'NCOA2', 'NCOA2', 'NCOA2', 'NCOA2', 'NCOA2']",42
sertraline,"['SLC6A4', 'CYP2E1', 'CYP2C9', 'SLC6A3', 'CYP2C19', 'CYP3A5', 'SLC29A4', 'NR1H2', 'ABCB1', 'DRD1', 'CFL1', 'DHRS4', 'PIK3R1', 'CYP3A4', 'NME2', 'THRB', 'SIGMAR1', 'NCOA1', 'REEP5', 'HLA-A', 'S1PR1', 'UXS1', 'SEC14L2', 'ALB', 'P3H3', 'GLTP', 'SERT', 'MAOA', 'ATXN2', 'MPO', 'GALE', 'CDK1', 'HTR1B', 'CYP2D6', 'GIF', 'BCL2L1', 'NCOA2', 'IDH1', 'HSD17B4', 'DLD', 'IDO1', 'AR', 'TCN2', 'CD1D', 'CD1A', 'HTR1A', 'PGRMC1', 'TP53', 'CYP2R1', 'PPARGC1B', 'COMT', 'MAOB', 'SPR', 'HMOX1', 'MUT', 'DHRS11', 'HTATIP2', 'CD1B', 'CYP2B6', 'HTR2B', 'PPARG', 'GNB3', 'JUN', 'SRP19', 'TRAPPC3', 'ACE', 'PCNA', 'ADH7', 'SLC6A2']",69,"New_DrugBank, ChEMBL, PubChem, STITCH, TTD, Pocket_Features",6,"['ALB', 'SLC29A4', 'CYP2C9', 'CYP2D6', 'SLC6A2', 'CYP2E1', 'SLC6A3', 'ABCB1', 'MAOB', 'CYP3A4', 'SLC6A4', 'CYP2B6', 'CYP2C19', 'MAOA']",14,['SLC6A4'],1,"['SLC6A4', 'ALB', 'SRP19', 'DRD1', 'MAOA', 'P3H3', 'CYP3A5', 'COMT', 'CDK1', 'CFL1', 'REEP5', 'HTR1A', 'ABCB1', 'CYP2D6', 'MAOB', 'ATXN2', 'IDH1', 'SIGMAR1', 'ACE', 'SLC6A3', 'PGRMC1', 'CYP2E1', 'SLC6A2', 'CYP2B6', 'JUN', 'CYP3A4', 'TP53', 'CYP2C9', 'SLC29A4', 'HLA-A', 'GNB3', 'CYP2C19']",32,"['CYP2C19', 'SLC6A4', 'SLC6A3']",3,['SERT'],1,"['ADH7', 'MPO', 'GALE', 'HMOX1', 'SEC14L2', 'CD1A', 'TRAPPC3', 'NR1H2', 'DHRS11', 'SPR', 'HSD17B4', 'DLD', 'UXS1', 'TCN2', 'HTATIP2', 'IDO1', 'MUT', 'NME2', 'CYP2R1', 'NCOA1', 'THRB', 'CD1D', 'NCOA1', 'NCOA2', 'GIF', 'AR', 'DHRS4', 'GLTP', 'PPARGC1B', 'BCL2L1', 'CD1B', 'NCOA2', 'S1PR1', 'PPARG', 'PCNA', 'PIK3R1', 'BCL2L1', 'NCOA1', 'CD1D', 'NCOA1', 'HTR1B', 'HTR2B']",42
